Store Name,Store Address,Store Timings,Mobile
S.R.E.Enterprises Tumkur,Opp govt pu collage- Pavagada road 572132,10:00 AM - 9:30 PM,9972285143
MI STORE - ALWAL Hyderabad,Shop No. 1-11-96- Near Alwal Bus Stop- Golnaka Alwal,10:00 AM - 9:30 PM,9849838168
Mi Store JASFER EXPO Tiruninravur,#132- PERIYAPALAYAM HIGH ROAD-THIRUNINRAVUR,10:00 - 21:30,9941186161
Padmasri Cellulars - TPT (Xiaomi) - Mi Store Rajampet,"6/399/2, RS Road, Rajampet-516115",10:00 - 21:30,9866267267
Sri Laxmi MyZone - AP (Xiaomi) - Mi Store KASIBUGGA,Opp ICIC Bank - -K T Road- Kasibugga - 532222,10:00 - 21:30,8106107000
Sai Mobiles Agencies - AP (Xiaomi) - Mi Store Jangareddygudem,# 5-2-31-Sri Raja Rajeshwari Theatre Complex- Jangareddy gudem- WG Dist- AP-534447,10:00 - 21:30,9703869741
SRI SIVA SURYA MOKSHITH AGENCIES Ravulapalem,8-1123- SHOP NO 3- BUILDING BESIDE MRO OFFICE- MALLIDI TIRAPAYYA VENKATA REDDY PACS- RAVULAPALEM- East Godavari- Andhra Pradesh- 533238,10:00 - 21:30,9399329999
Shri Balaji Mobiles - TN (Xiaomi) KARUR,# 48- New Court Street- Kulithalai- Karur- 639104,10:00 - 21:30,9994274266
Online Mobiles Shop - TPT ( Xiaomi) - Mi Store Madanapalle,# 14/29- C T M Road Madanapalle - 517325 MADANAPALLI-517325,10:00 - 21:30,9885959159
Virus Mobiles - PC (xiaomi) KARAIKAL,40/07- Church Street- Fathima Point- Karaikal- Pondicherry - 609602,10:00 - 21:30,9865773174
Sri Lakshmi Mobiles - TPT (XIAOMI) - Mi Store Chittoor,2-1256-Konga Reddy Palli-Opp More Super Market-Chittoor-517001,10:00 - 21:30,9441644556
M S Mobiles - TPT (Xiaomi) - Mi Store Palamaner,# 17/169/1- Javili Street- Newpet- Palamaner- Chittoor- AP - 517408,10:00 - 21:30,9866693303
M M Mobiles -AP (Xiaomi) - Mi Store MANDAPETA,# 32-1-4-OPP.Vani Mahal- Main road-Mandapeta -EG Dist- AP- 533308,10:00 - 21:30,9949749744
SRI GANESH SAI TRADERS - AP (Xiaomi) - Mi Store RAJAHMUNDRY,# D.NO. 75/1/24- G1- -Beside Manasa hospital- Near Petrol Bunk- RAJAHMUNDRY-EG Dist- AP-533103,10:00 - 21:30,8099995558
Vyshnav Mobiles - TPT (Xiaomi) - Mi Store Pulivendula,4-9-176 RTC Bus Stand Road- Pulivendula- YSR District,10:00 - 21:30,9866756921
Aitha Communications - TPT (Xiaomi) - Mi Store Sullurpeta,# 10-186- Bapuji Street- Sullurpeta-Potti sriramulu nellore district - 524121,10:00 - 21:30,9347252025
Pavan Communications - TPT (Xiaomi) - Mi Store Kanigiri,D.No:8/71- SC No:546 Near Sugunamma Hospital- MSR Road- Kanigiri- 523320- PRAKASAM DIST Kanigiri-523230,10:00 - 21:30,8886889155
Cell World - TPT - Xiaomi - Mi Store Kandukur,20-2-44/1- Near Municipal office-Pamur Road-Kandukur-523105,10:00 - 21:30,9949944784
SPECTURM - CBE - (Xiaomi) - Mi Store TIRUPUR,# 467- Bhagya Lakhsmi Complex- PN Road- Tirupur,10:00 - 21:30,9790690522
Ajai Enterprises - CBE - (Xiaomi) - Mi Store COIMBATORE,# 26/4- Chakrapani Street- Ventesa Colony- Polllachi- Coimbatore (Dt),10:00 - 21:30,8903831290
Sri Vinayaga Enterprises - TN (Xiaomi) - Mi Store Ambur,# Shop 203-S.K. ROAD- NEAR BYE-PASS BUS STOP Main Street - AMBUR - 635802,10:00 - 21:30,9994353713
Sai Ram Enterprises - AP - (Xiaomi) - Mi Store Kovvur,# 8-4-24- Mandal Office Road- Opp Andhra Bank- Kovvur- West Govadari -AP - 534350,10:00 - 21:30,9849624711
P.R.MANI ELECTRONICS PRIVATE LIMITED - Mi Store TIRUVANNAMALAI,# No.23- Eswari Complex- Tiruvannamalai - 606601,10:00 - 21:30,9443224485
Victory Communications - AP ( Xiaomi) - Mi Store Narsipatnam,# D.No.20/7- Opp Old Post OfficeMain Road- GandhiNagar- Kothakota-Ravikamatham Mandal.,10:00 - 21:30,9849141497
Venkata Siva Sai Cell Point - ATP - (Xiaomi) - Mi Atmakur (Kurnool),R.R.Complex- Room.No.1- Ranga mahal Road- Atmakur - 518422,10:00 - 21:30,9652269998
Best Mobiles - AP - (Xiaomi) - Mi Store TANUKU,# 32/1/62/2- R P Road-Tanuku-West Godavari - AP - 534211,10:00 - 21:30,9705557878
Japan Duty Paid Center - SM - (Xiaomi) - Mi Store NAMAKKAL,193 C-2- High School RoadParamathi Velur- Namakkal,10:00 - 21:30,9842586379
JRP Agency - TN - (Xiaomi) - Mi Store ARIYALUR,#39-Ennaikara Street-Ariyalur Post-Ariyalur - 621704,10:00 - 21:30,9994147160
Lakshmi Network - CHN (Xiaomi) - Mi Store Uttangarai,215- ENTHIRA NAGARUTHANGARAIKRISHNAGIRI,10:00 - 21:30,9842089787
Nivetha Enterprises - SM - (Xiaomi) - Mi Store NAMAKKAL,# 782- Salem Road-P Vnagli Complex-Namakkal - 637001,10:00 - 21:30,8012521443
Osian Technologies - TN - (Xiaomi) - Mi Store VELLORE,# 1/9 F- Kadherpet-Vaniyambadi-Vellore - 635751,10:00 - 21:30,9994662222
S.K.Mobile - TN - (Xiaomi) - Mi Store Chidambaram,# 3B- Abi Ajay Complex-North Car Street-Chidambaram- Cuddalore - 608001,10:00 - 21:30,9791350455
Sree Vaasu Cell - SM (Xiaomi) - Mi Store NAMAKKAL,No 93/4-KRM Complex-Bungalow street-Erode main Road,10:00 - 21:30,9715091999
Electro Pacific Panchkula,SCO 57 MANSA DEVI COMPLEX SWASTIK VIHAR PANCHKULA,10:00 - 21:30,9815483978
Mobile Point - TN - (Xiaomi) - Mi Store Tirukalikundram,No.23- New Bus StandThirukazhukundram-Kancheepuram,10:00 - 21:30,9677566999
SJ Agency - TN - (Xiaomi) - Mi Store Gudiyattam,# 4 B /1- Katpadi Road-Near New Busstand-Gudiyattam - Vellore - 632602,10:00 - 21:30,9894907013
Sree Dhathri Mobiles - AP - (Xiaomi) - Mi Store MACHILIPATNAM,# 18/10- Opp Rythu Bazar-Main Road- Sukarlabad-Machilipatnam- Krishna - 521001,10:00 - 21:30,9885362836
Variety Electronics - MDR - (Xiaomi) - Mi Store TUTICORIN,285- Palayamkottai Road- Secretary Jamia Mosque Exeuctive Committee- Tuticorin,10:00 - 21:30,9843115786
Amman Agency - CBE (Xiaomi) - Mi Store ERODE,#9S.D.N ColonyGOBICHETTIPALAYAM,10:00 - 21:30,9965655550
Capital Technosoft - MDR - (Xiaomi) - Mi Store TUTICORIN,# 110/2-DMNS Complex- Devarpuram Road-Thoothukudi - 628002,10:00 - 21:30,9698040033
Sri Amman Agencies - SM -Mi Store - (Xiaomi) SALEM,# 164- Kamarajanur Road-Opp Vijaya Petrol Bunk-Attur- Salem - 636102,10:00 - 21:30,9894490131
Cell World - ATP - (Xiaomi) - Mi Store - Rayadurga Rayadurgam,# Shop.No.10-5-667-Near Navatha Transport Office- Dasappa Road-Rayadurgam- Anantapur - 515865,10:00 - 21:30,9866437293
Athish Trade Link - TN - (Xiaomi) - Mi Store Tirupathur,# No.54 / A-Annamalai Chetty Street-Tirupattur- Vellore - 635601,10:00 - 21:30,9894880174
Raja Mobiles - TPT (Xiaomi) - EFP ADDANKI,4/1586 Podili Road-Darsi- Prakasam DARSI-523247,10:00 - 21:30,9347728438
Classic Cellular - AP - (Xiaomi) - Mi Store GUNTUR,# Shop.No.12- Ground Floor-Central Plaza- Naaz CenterGuntur - 522001,10:00 - 21:30,9985037868
Isha Mobile Show Room - SM - (Xiaomi) - Mi Store Palacode,# 5 /76-M G Road-Palacode- Dharmapuri - 636808,10:00 - 21:30,9443291043
Sree Brahmananda Electronics and T V Show Room - A Anaparthy,# D.NO.5 / 257 / 14-29-30-Near Railway station -Main Road-Anaparthy- EG Dist- AP - 533342,10:00 - 21:30,9440646256
Sri Srinivasa Agencies - AP - (Xiaomi) - Mi Store Chodavaram,# 19-164- Shop.No.2- Ram Babu Complex-Main Road- Kothuru JN-Chodavaram- Visakapatnam Distr...,10:00 - 21:30,9885777106
Peravin Agency - MDR - (Xiaomi) - Mi Store VIRUDHUNAGAR,# 9- West Car Street-Sivakasi-Virudunagar - 626123,10:00 - 21:30,9150234455
Ram Enterprises - TN - (Xiaomi) - Mi Store Hosur,# No. 251/922-Alasanatham Road-Hosur- Krishnagiri - 635109,10:00 - 21:30,9751522222
Royal Communication - SM - (Xiaomi) -Mi Store NAMAKKAL,# 198- Old Indian Bank Complex-Konganapuram PO-Edappadi TK- Salem - 637102,10:00 - 21:30,9566631854
Aaron Mobiles - MDR (Xiaomi) - Mi Store TIRUNELVELI,#1 A- Karunaivallal StreetMurugan Kuruchi- Palayam KottaiTirunelvelli - 627002,10:00 - 21:30,9443482891
Mahalakshmi Traders - AP - (Xiaomi) - Mi Store Tadepalligudem,# 2/4/162-K S N Complex- Railway Station Road-Tadepallygudem- WG Dist- AP-534101,10:00 - 21:30,8885831999
Poorliya Mobiles - MDR (Xiaomi) - Mi Store TIRUNELVELI,#20Kanyakumari Main RoadVallivoor- Tamilnadu - 627117,10:00 - 21:30,9965871913
Prasath Mobiles - MDR (Xiaomi) - Mi Store SIVAGANGA,#19- Vadiyaar VeethiDevakottaiSivagangi - 630302,10:00 - 21:30,9952155441
Samy Mobiles Shop and Accessories - SM - (Xiaomi) Pennagaram,# SBI ATM Opp-Billal Complex-Pennagaram- Dharmapuri - 636810,10:00 - 21:30,8489498711
Sri Vasavi Enterprises - AP - (Xiaomi) - Mi Store Narasaraopet,# D.No.9-7-26-Beside SBI P&S Branch-Arundelpet-NarasaropetGuntur - 522601,10:00 - 21:30,9949093244
Sun Mobile City - SM - (Xiaomi) - Mi Store Kaveripattinam (Krishnagiri),# 25 /84-Govindachetty Street-Kaveripattinam- Krishnagiri,10:00 - 21:30,9965986940
URO Mobiles - MDR - (Xiaomi) - Mi Store SIVAGANGA,# 103/2/70B-GANDHI STREET-SIVAGANGAI-,10:00 - 21:30,9655983103
Mass Mobiles - TN - (Xiaomi) - Mi Store THANJAVUR,# 3/ 4-Hajiyar-Kumabakonam - 612001,10:00 - 21:30,9566600007
Aditya Enterprises - AP - (Xiaomi) - Mi Store - Ni Nidadavole,# D.no.3-1-8-Beside Electrical Office- Pangidi Road- Nidadavolu- WG Dist- AP-534301,10:00 - 21:30,9393145999
Saara Marketing - MDR (Xiaomi) - Mi Store Palani,Ward No:7- Shop No:G-2Subramaniapuram- Udumalai RoadNear Wakemen School- Palani - 624601,10:00 - 21:30,9842001919
Galaxy Mobiles - CBE - (Xiaomi) - Mi Store TIRUPUR,No.214- Palani Road- Udumalpet- Tirupur (Dt),10:00 - 21:30,9629021110
Classic Mobiles - TPT (Xiaomi) - Mi Store - Prodda Proddatur,#24/398/1Municipal office road Proddatur- Cuddapah - 516360,10:00 - 21:30,9885153250
Faaz Enterprises - TN (Xiaomi) - Mi Store KRISHNAGIRI,SM Plaza- Anna Silai- Near New Bus stand- Londonpet- Krishnagiri,10:00 - 21:30,8754102326
Shanmukha Sai Computers Mobiles Sports world - AP Koyyalagudem,#9-197- Opp- Sri Chinthalamma Temple-Koyyalagudem- WG Dist- AP-534312,10:00 - 21:30,9177137111
Sudha Agencies - SM (Xiaomi) - Mi Store DHARMAPURI,5/193- SALEM MAIN ROADELAKKIYAMPATTI- COLLECTORATE POSTDHARMAPURI - 636705,10:00 - 21:30,9489930000
Vasantham Telelinks - CBE - (Xiaomi) - Mi Store TIRUPUR,# S.F.No. 154/1-S.K.V.Complex- Covai Road-Kangeyam- Tirupur (Dt),10:00 - 21:30,9698706757
Hallo Mobile - MDR - (Xiaomi) - Mi Store SIVAGANGA,# 360- Sekkalai Road-Gnananatha Hall Complex-Kakraikudi- Sivaganga - 630001,10:00 - 21:30,9842653232
Sri Manju Bhavani Communications - TPT (Xiaomi) - Porumamilla,#10-39- Main Road- PORUMAMILLA- Cuddapah- Andhra Pradesh- 516193,10:00 - 21:30,8688981222
Nadi Mobile - TN (Xiaomi) - Mi Store Pattukottai,NO: 22 -RAILWAY STATION ROAD-PATTUKKOTTAI-THANJAVUR-614601.,10:00 - 21:30,9942202222
Raju Communications - AP (Xiaomi) - Mi Store MALIKIPURAM,#2/281-Near Police station-Market Road-Malikipuram- EG Dist- AP - 533253,10:00 - 21:30,9701435533
Sri Laxmi Gallery - AP (Xiaomi) - Mi Store KASIBUGGA,Beside Government Hospital-Jublee Road-PATHAPATNAM -Srikakulam -532213,10:00 - 21:30,9885171606
Power Cell Park - CBE (Xiaomi) - Mi Store TIRUPUR,#99-Muthur Road- Vellakoil- Tirupur (Dt),10:00 - 21:30,9865765294
Shree Sri Balaji Enterprises - TN (Xiaomi) - Mi St VILLUPURAM,No:16/2Tajmahal Complex- East Street- TIRUKOILUR - 605757,10:00 - 21:30,9080178877
N.T Traders (Mi) BARPETA,A G complex near main chowck Pathsala- dist-Barpeta-Pin-781325,10:00 - 21:30,7896752373
Computer Peripherals(MI) BONGAIGAON,Satyam Complax chapagudi road opposite TATA showroom DIST-Bongaigoan-Pin-783380,10:00 - 21:30,7086040038
Hiya Mobile Zone(Mi) GOALPARA,Damra Road-Dudhnoi Dist-Goalpara- Pin-783124,10:00 - 21:30,7576057025
Hanuman Agencies - AP (Xiaomi) - Mi Store TUNI,# 4-12-1- Shop No.2Maruthi Complex- Post Office Street-Tuni- East Godavari-ap-533401,10:00 - 21:30,9703665546
Jaya Mobiles - AP (Xiaomi) - Mi Store Tiruvuru,D.No:4-72- Main RoadBose CentreTIRUVURU- KRISHNA - 521235,10:00 - 21:30,9963802143
Star Mobile Service (Mi) KARIMGANJ,main road patharkandi Dist karimganj- pin 788724,10:00 - 21:30,9859310178
Kalyan Mobiles - ATP (Xiaomi) - Mi Store GUNTAKAL,#10/306Station RoadGUNTAKAL- ANANTHAPUR - 515001,10:00 - 21:30,9849836032
R.S Communication(Mi) KAMRUP,Goreshwar Main Road- Dist-Baksa- Pin-781366,10:00 - 21:30,9435703871
Sivasakthi Steels Metals - TN (Xiaomi) - Mi Store Polur,#139Bazaar StreetPolur- Thiruvannamalai - 606751,10:00 - 21:30,8489944372
Jain Computers (MI) JORHAT,GAR ALI road opposide SBI e-corner JORHAT- PIN-785001,10:00 - 21:30,7002214431
M/S Cell Guru (Simalguri ) Mi Simaluguri,"rehman complex ,sonari ROAD- NEAR PARIWAR HOME SHOP- SIMALUGURI- PIN-785686",10:00 - 21:30,7002117903
M/S SHYAM ELECTRONICS SIBSAGAR,H.C.B ROAD- NEW AMMLA PATTI- NEAR NAMTI TEMPO STAND- SIVSAGAR- PIN- 785640,10:00 - 21:30,9864521524
New Padma Cell Wolrd - AP (Xiaomi) - Mi Store S KOTA,Door No:1 First Floor- Opp: RTC Complex- Vizag Road- S.KOTA- Vizianagaram District - 535145,10:00 - 21:30,9030969482
Sun Mobiles - MDR - (Xiaomi) - Mi Store - RAJAPALA VIRUDHUNAGAR,# No.1- Mukku Road-Sankarankovil-Rajapalayam- Virudunagar - 626117,10:00 - 21:30,9944274254
Sri Sarvan Mobiles - AP (Xiaomi) - Mi Store JAGGAMPETA,#11-15Near H.P Petrol Bun-kJaggampeta- East Godavari - ap- 533435,10:00 - 21:30,9335669999
Royal Cell Plaza - AP (Xiaomi) - Mi Store GUNTUR,#6-19-58-B Platni Plaza- Main Road- Arundelpeta- Guntur - 522002 Arandalpeta-522002,10:00 - 21:30,8790945555
Bunny Electronics - PC (Xiaomi) - Mi Store YANAM,#1-16-080 Draksharama Road -Yanam-puducherry - 533464,10:00 - 21:30,9440018068
Karthikeya Smart Store - ATP (Xiaomi) - Mi Store DHONE,#8-87-46-2 Srinivasa Complex- Near RTC Bus Stand Road Dhone- Kurnool - 518222 DHONE-518222,10:00 - 21:30,9700404808
Bhaskar M Trade LLP (Jaggaihpeta) Jaggaiahpet,shope number 3and4 netraja theater complex vijayavada road Jaggaihpeta,10:00 - 21:30,7013107779
SREE CHAKRA ENTERPRISES - TPT (Xiaomi) - Mi Store Jammalamadugu,1/651- BSK PLAZA- PRODDATUR ROAD- JAMMALAMADUGU- YSR District- Kadapa (Cuddapah)- Andhra Pradesh- 516434,10:00 - 21:30,9912179899
ABI CELL SHOW ROOM - TN (Xiaomi) - Mi Store TIRUVARUR,#238/27- T.V.R RoadTHIRUTHURAIPUNDITiruvarur- TAMILNADU - 614713,10:00 - 21:30,9994161757
Dhakshanamoorthy Agencies - TPT (Xiaomi) - Mi Stor Nagalapuram,Shop No. 4-GP Complex-Upstairs-Bazaar Street-Nagalpuram-517589,10:00 - 21:30,9666339940
Sai Mobiles - AP (Xiaomi) - Mi Store - NAGULAPALLI Bhimadole,#5-58- Beside Whynot- Bhimadolu Junction- WG Dist- AP-534425,10:00 - 21:30,9849109411
Saisri Enterprises - TN (Xiaomi) - Mi Store NAGAPATTINAM,NO 96/1- GH ROADNISHA COMPLEXSIRKALI- Nagapattinam - 609110,10:00 - 21:30,9443619915
K.R.C Traders - TN (Xiaomi) - Mi Store Walajapet,no 2- Ground floor- municipalbuilding- MBD Road- walaja- Vellore- Tamil Nadu- 632513,10:00 - 21:30,9443000563
FOUR SQUARE-MI Store TIRUCHIRAPPALLI,SHOP 1 MEZZANINE- 29CLASSIC TOWER- THILLAI NAGAR ROADTRICHY- THIRUCHIRAPALLI - 620018,10:00 - 21:30,9043023456
R K Communications - TPT (Xiaomi) - Mi Store ONGOLE,Chimakurthy Eye hospital complex-Near By pass -ongole-Prakasam-523002,10:00 - 21:30,9059655999
New Haris Mobiles - AP (Xiaomi) - Mi Store Sompeta,#12-198Beside Chinna Jalari Street- Main RoadSomepeta- Srikakulam - 532284,10:00 - 21:30,9059888088
Garuda Agencies - TPT (Xiaomi) - Mi Store Venkatagirikota,#4-167/1- 1st FloorASN COMPLEXLONG BAZAAR- V.KOTA- CHITOOR DIST,10:00 - 21:30,9581871871
Star Mobile Store - MDR (Xiaomi) - Mi Store Ottanchatram,1/8A- ARUNNA COMPLEX-OPP RAILWAY STATION-ODDANCHATRAM-624619,10:00 - 21:30,9940782406
Gayathri Communication - TN (Xiaomi) - Mi Store TIRUCHIRAPPALLI,#114/3Lakshmi Complex - Thuraiyur Road- Mannachanallur- Tiruchirappalli,10:00 - 21:30,9842419358
Sri Sravani Agencies - AP (Xiaomi) - Mi Store YELAMANCHILI,Shop No: 1- Bhavanam Veedhi - 13Beside Appolo PharmacyYelamanchili- Visakhapatnam - 531055,10:00 - 21:30,7013416909
Reashma Cellphone sales and Service - TN (Xiaomi) THANJAVUR,No: 15/266- Shop No: 1 & 2Mullai pakuthi- Old MIGNew Hosing Unit,10:00 - 21:30,8220104627
Rocky Agencies - MDR (Xiaomi) - Mi Store KANYAKUMARI,#12/7THARGAR ROAD- METTUKADAITHUCKALAY- KANYAKUMARI - 629175,10:00 - 21:30,9443398905
S.M.Mobiles - TN (Xiaomi) - Mi Store Vadalur,"Old No:38-B- New No: 51, Ground Floor- Bus Stand, Old Building, VADALUR- KURINJIPADI, TALUK- CUDDALORE",10:00 - 21:30,9566669661
C J Agencies - Alagapuram SALEM,"shop No:70-alaga puram bus stop , Saradha College Main Road- ALAGAPURAM- SALEM-636016",10:00 - 21:30,7010211001
New VJ Cellular - AP (Xiaomi) - Mi Store REPALLE,D.No:11-16-14/1Opp: Garam Garam Family RestaurentBeside Eagle Restaurent- Repalle- Guntur-...,10:00 - 21:30,9866854121
ASR Communications - TPT (Xiaomi) - Mi Store MARKAPUR,D.No:9/108MARKET CENTRE- Opp: SATYANARAYANA SWAMY TEMPLE-MARKAPUR- PRAKASAM-523316,10:00 - 21:30,8309134626
Tamil Mobile - MDR (Xiaomi) - Mi Store MADURAI,"shop number 220/2,nearby munithanai salai signal,KAMARAJAR SALAIMUNICHALAI -MADURAI-625009",10:00 - 21:30,8778202599
Ananthi Traders - MDR (Xiaomi) - Mi Store TUTICORIN,110- NORTH BAZAARUDANGUDITIRUCHENDUR,10:00 - 21:30,9842517795
MI Store MEENAKSHI STORES KANCHIPURAM,NO.1- ORAGADAM JUNCTION-ORAGADAM,10:00 - 21:30,9944208999
Sri Venkata Padma Enterprises - AP (Xiaomi) - Mi S SRIKAKULAM,Shop No:1 Near Income Tax Office Palakonda Road- Srikakulam SRIKAKULAM-532001,10:00 - 21:30,9959915822
Sri Shiridi Sai Marketing - TPT (Xiaomi) - Mi Stor Srikalahasthi,Shop No:29-APSRTC Shopping Complex-Srikalahasti-517644,10:00 - 21:30,9666896767
Friends Distributions - AP (Xiaomi) - Mi Store TENALI,#2-5-2- Shop No:2Ganta Vari Veedhi- Gandhi NagarNandulpet- Tenali- Guntur-522201,10:00 - 21:30,9701727773
Sai Enterprises - TN (Xiaomi) - Mi Store THANJAVUR,NO: 25/2Doctor Besant RoadKumbakonam- Thanjavur,10:00 - 21:30,9943185556
Prasad Mobiles - TPT (Xiaomi) - Mi Store KUPPAM,"#7/24, Nethaji Road, KUPPAM- CHITTOOR",10:00 - 21:30,9948004166
Hi Tech Electronics - AP (Xiaomi) - Mi Store Devarapalli,#5/19/1-Gopalapuram Road-Devarapalle-WG Dist- AP-534313,10:00 - 21:30,9848104311
Sai Divya Exclusive Store - ATP (Xiaomi) - Mi Stor Kadiri,"#9/569-2, AMPL Road, KADIRI- ANANTHAPUR",10:00 - 21:30,9985608560
Bharath Shopee - TN (Xiaomi) - Mi Store TIRUCHIRAPPALLI,#19/20CHURCH Complex- Trichy RoadMANAPPARAI- TIRUCHIRAPALLI,10:00 - 21:30,9865653640
Rambo Communications - ATP (Xiaomi) - Mi Store ANANTHAPUR,"Room No:109, Police Welfare Complex, College Road -515001 , near arts college",10:00 - 21:30,8555995679
Aitha Communication - TPT (Xiaomi) - Mi Store - KO KOTA.,#4-169-Main Bazar-KOTA-Potti sri ramulu nellore district-524411,10:00 - 21:30,9848535274
Mi Store- E-MALL KOLKATA,E-MALL- KOL-700072,10:00 - 21:30,9831433003
Sri Sowmya Agencies - AP (Xiaomi) - Mi Store Palakonda,8-3-136 Main Road Opposite RTC Complax Palakonda- Srikakulam AP - 532421,10:00 - 21:30,9052495249
Mobile World (Mi Store) SOUTH TRIPURA,Near union bank of india- New Town road- PO-R.K PUR- UDAIPUR-DIST -GOMATI- PIN -799120,10:00 - 21:30,7005209317
Sri Lakshmi Narayana Mobiles - TPT (Xiaomi) - Mi S VINJAMURU,G.D complex Opp: RTC Bus stand Shop no : 138 Trunk road :kavali,10:00 - 21:30,9505357616
Sri Vinayaka Enterprises - AP (Xiaomi) - Mi Store Piduguralla,Shop No: 30 SIRI PLAZA- PILLUTLA ROAD PIDUGURALLA- GUNTUR Piduguralla-522413,10:00 - 21:30,9246243657
Aravindha Cell phone - MDR (Xiaomi) - Mi Store DINDIGUL,12/4/9- PRAKASH LODGE COMPLEXTHIRUVALLUVAR SALAIDINDIGUL,10:00 - 21:30,9367913159
Nila Communication - MDR (Xiaomi) - Mi Store KANYAKUMARI,27-42/A1Main Road- Near Sugam HospitalMarthandam- Kanyakumari,10:00 - 21:30,9843142252
Vaigai Electronics - CHN (Xiaomi) - Mi Store NAGAPATTINAM,GROUND FLOOR- NO:187SHANMUGA COMPLEX- NAGAIRASTHAVEDARANYAM TOWN- NAGAPATTINAM,10:00 - 21:30,9042099095
Max Trading - TN (Xiaomi) - Mi Store Muthupettai,"SHOP NUMBER 50- Jimma palli Complex,nearby town punchayath office-TTP road , Muthupettai-614704",10:00 - 21:30,7373077933
Orange Shoppy-Mi Store TIRUCHIRAPPALLI,141/2- GANESH NIVASAMMA MANDAPAM ROADSRIRANGAM- TRICHY,10:00 - 21:30,9585337711
Golden Enterprises - CBE (Xiaomi) - Mi Store ERODE,80/3- PRINCE PLAZA COMPLEXATHANI ROADSATHYAMANGALAM- ERODE,10:00 - 21:30,9688665553
Sri Karpaga Vinayaka Mobiles - TPT (Xiaomi) - Mi S NAIDUPETA,7-1-206- SHOP NO:1-VAKACHARLA COMPLEX- BRAHMIN STREET-NAIDUPETA-Sri Potti sri ramulu nellore district-524126,10:00 - 21:30,9492364656
S.R.Electronics - CHN (Xiaomi) - Mi Store KANCHIPURAM,No.52- 1GANDHI ROADKANCHIPURAM,10:00 - 21:30,9843548555
Hemasri Mobiles - TPT (Xiaomi) - Mi Store ONGOLE,D.No:-4-368(24)-Sebarigiri Complex-Beside kaveri grand hotel-Kurnool road-Revenue ward No ...,10:00 - 21:30,7032256677
Jain Infocom-Orbit INDORE,B-1- MIG colony - LIG square- Below Madaan Stationery Indore,10:00 - 21:30,9893111106
K VISION ENTERPRISE VIJAYAWADA,D.NO: 28-20- BHIMARAJU GUTTA- NEAR KONDAPALLI ROAD- IBRAHIMPATNAM- VIJAYAWADA,10:00 - 21:30,9052969534
Melthi(Mi Store) IMPHAL WEST,"Thangmeiband-opp kfc shop, Imphal",10:00 - 21:30,7005185872
ABS Mobiles(Mi Store) THOUBAL,Thoubal Bazar- Thoubal,10:00 - 21:30,9774672401
Darik Enterprises(Mi Store) IMPHAL EAST,New Checkon Road- Opp. Bazaer India- Near Angom Colony- Imphal (Porompat),10:00 - 21:30,9862566601
M.P. Agarwal & Co.(Mi Store) EAST KHASI HILLS,Kachari Road- Opp. Presbyterian Chruch- Police Bazar- Shillong,10:00 - 21:30,9436100751
Nivashree Hojai,#294 word 18 J.K. Kedia Road- Hojai opposite of axis bank -782435,10:00 - 21:30,6002411329
Shree Shakambri Communication NAGAON,Old A.T.Road- Below Bank of Baroda- Haibargaon- Nagaon,10:00 - 21:30,9864243181
Mobi Tech(Mi Store) Chumukedima,Opp. The Nagaland Co-operative Bank Ltd-  Chumukedima,10:00 - 21:30,9436003239
Saaaj Venture(Mi Store) DIMAPUR,Hussian Buliding- Opp. Reliance Petrol Pump- Near City Tower- Circular Road- Dimapur,10:00 - 21:30,8058002769
IBOHAL Enterprises(Mi Store) THOUBAL,Ground Floor- Phunga Shopping Centre- Kakching,10:00 - 21:30,7005423735
Santosh Electronics(Mi Store) Moreh,Near Gate  No-2- Moreh,10:00 - 21:30,9774031544
MMS Service(Mi Store) Ladrymbai,Dinoush Compound- Ladrymbai,10:00 - 21:30,9612798489
Bhajanlals(Mi Store) EAST KHASI HILLS,Dhankhati- Shillong,10:00 - 21:30,9436306505
M/s TERSA ENTERPRISES WEST SIANG,New Market-  Aalo,10:00 - 21:30,8258805519
Touch Points(Mi Store) Itanagar,BB Plaza- D Sector- Itanagar,10:00 - 21:30,7005100611
Grand Mobiles - CHN (Xiaomi) - Mi Store TIRUVARUR,B- 40KEELA VEETHI-THIRUVARUR TALUKA-THIRUVARUR,10:00 - 21:30,9787333443
R.J Telecom BARPETA,MAIN ROAD- HOWLY,10:00 - 21:30,9706892804
Disha Electronics BARPETA,"bhanu market,nearby Bohari Bus Stand Dist- Barpeta-781302",10:00 - 21:30,9707331786
NEW AFSEEN STORE Jogighopa,"Jogighopa - Kabaitary Main Road Dist- Bongaigaon -783382 , near by durga mandir",10:00 - 21:30,7002544860
New Sandhya Elctronics KOKRAJHAR,"ground flor down of indian bank building, BAZAR ROAD KOKRAJHAR -783370",10:00 - 21:30,7002131515
Saha Enterprise GOALPARA,"tilapara agiya road GUALPARA 783101 ,near by my jio stoer",10:00 - 21:30,9706253717
Density KAMRUP,"nearby jain mandir ,N T Road nabari -781005",10:00 - 21:30,7002312490
M/S Desire DIBRUGARH,"kamleshwari bhawan H S ROAD- DIBRUGARH-786001, near by KFC",10:00 - 21:30,6026006023
Shree Krishna Electronics JORHAT,"shop number 2 ,anupama hight , MI store TARAJAN ,near elite gus agency JORHAT -785001",10:00 - 21:30,7578008000
Cell& Gadeget NAZIRA,"Main Road Nazira, Near Police Point, Lahoty Petrol Pump, Dist- Sibsagar",10:00 - 21:30,9954639866
Mobile And Movie Planet DHEMAJI,Mi store silapathar -787059 landmark main road,10:00 - 21:30,7002717617
OM Traders LAKHIMPUR,"near balaji mandir, MAIN ROAD, BANDARDEWA, 784160",10:00 - 21:30,9854016987
STAR MOBILE Dergaon,A T ROAD- DERGAON,10:00 - 21:30,9954474384
M.S Electronics BARPETA,MAIN ROAD- MANDIA,10:00 - 21:30,9957323066
S.M. DIGITAL Titabor,"sarawagi Budling w/no 9 main road dhodar ali Titabor chariali-785630, nearby biswas drugs",10:00 - 21:30,9435153054
M/S. S.K. TELECOM TINSUKIA,Deo Complex- GNB Road Tinsukia,10:00 - 21:30,9954223992
Sen Radio Service(Mi Store) SOUTH TRIPURA,"nearby AOC petrol pump,Shanti Bazar Main Road South tripura -799144",10:00 - 21:30,9862793198
S S ELECTRONICS DHUBRI,"Ward number 6, GTB Road- Opp Town Hotel- Dhubari -783301",10:00 - 21:30,8134088580
ILLUSION (MI STORE) WEST TRIPURA,15 CENTRAL ROAD- AGARTALA,10:00 - 21:30,7005615510
S P ENTERPRISE Bihpuria,Bihpuria Main road w/no 4,10:00 - 21:30,7002526486
M/S Instute of advance information technolgy Biswanath Chariali,"Main Road, Near SBI Bank, Biswanath Chariali, Dist Sonitpur",10:00 - 21:30,7002870740
NANIS COMMUNICATION( MI Store) DARRANG,NAGESWAR- NH-15 KHARUPETIA,10:00 - 21:30,9864671155
AAKIK ENTERPRISE BARPETA,B K ROAD- MUSALIMPATTY- BARPETA TOWN,10:00 - 21:30,9954322424
BAPSAP ELECTRONICS Hailakandi,SHIV BARI ROAD- HAILAKANDI opposite to punjab nation bank,10:00 - 21:30,9954294949
MILITARY AND CIVIL STORES Rangapara,"M G ROAD- RANGAPARA-784505 , near by axis bank",10:00 - 21:30,9954104190
Best Buy(Mi Store) MOKOKCHUNG,Main Bazar- Near IDBI Bank- Mokokchung,10:00 - 21:30,7005236017
SRI VISHNU ENTERPRISES - AP (Xiaomi) - New Mi Stor Narasaraopet,Ward No: 14- 13-1-298- Vinukonda Road- Near Hard College- Narasaraopet- Guntur- AP - 522601,10:00 - 21:30,9490847908
KSTAR ELECTRONICS STORES - TPT (Xiaomi) - New Mi S Puttur,1-0-T.B.Road-Opp:Sai Baba Temple-Puttur-517583,10:00 - 21:30,9676695306
Sree Venkateshwara Mobiles - TPT (XIAOMI) - New Mi CHITTOOR,10-208-Gandhi Road-Opp Court Road-Chittoor-517001,10:00 - 21:30,9440835222
K K Telelinks - TG (Xiaomi) - New Mi Store Mahbubnagar,1-5-35/5- Hyderabad road- new town Mahabubnagar- Telangana- 509001,10:00 - 21:30,9121018985
Tejanaya Agencies - AP(Xiaomi) - New Mi Store Tadepalligudem,#D.No.1-47-5/8- Near Bus Stand- Opp: Narayana Shopping Mall- KN Road- Tadepaligudem- WG Dist- AP-534101,10:00 - 21:30,9393011133
Ranga Mobiles - VJA (Xiaomi) - New Mi Store Kanchikacherla,D.No.7-114- Main Road- Nehru Center- Kanchikacherla - 521180,10:00 - 21:30,9989528901
TEJA MOBILE WORLD & ELECTRONICS - AP - XIAOMI - Ne Vuyyuru,8-87/1- Beside DBR Cloth Showroom- Main Road- Vuyyuru- Krishna Dist- Andhra Pradesh – 5211...,10:00 - 21:30,9133877777
A one Communication KUMTA,Building no1062/1 kumta municipal-ward no.C survey no.A1-A2-A/15 Nellikeri Taluk- Kumta ...,10:00 - 21:30,8892227444
AB Communication LINGASUR,Shop No. 13- K.S.R.T.C.Complex- Kalburgi Main Road- Lingasugur- Raichur- Karnataka - 58412...,10:00 - 21:30,9986339724
Adhi Mobiles SHIMOGA,Srinidhi Shopping Complex- No 386/6 - 852/6- ward no 29 - TSB circle- Nehru road- Shimoga ...,10:00 - 21:30,9916367337
Aftab Mobile Care KARWAR,#1275/1 ground floor Opposite Swagath jewellary cuthinho road karwar taluku-581301,10:00 - 21:30,9845352957
Akhil Enterprises JAMKHANDI,shah complex-TMC opposite jamkhandi 587301,10:00 - 21:30,8867975555
Allied Electronics GOKAK,3324/3325- Hospet Galli- Anand takies road- Gokak taluka- Belgaum District - 591307,10:00 - 21:30,8884735578
Amit Mobile Services ATHANI,"Amith mobile services SS road sari bazar athini , MAIN ROAD",10:00 - 21:30,9972142766
Ananya Enterprises BANGALORE RURAL,Khata No No 5230/3902/1286 - site no 11-Ground floor-4th cross Gangammagudi Road-M.V Extension-Hosakote town-562114,10:00 - 21:30,9241749466
Anjanadri traders TUMKUR,Anajandari traders- #32- Vivekananda Road- huliyar Panchayati- Chiknayakanahalli Taluk- Tu...,10:00 - 21:30,9738447777
Anupa Videos and Electronics NIPPANI,shop no:1- anupa viedos & electronics- NARAKE building-ashok nagar- 1st line-nipani-di...,10:00 - 21:30,7090902222
Apsara Mobile AFZALPUR,Shop No 09- OPP. POST OFFICE- AGRO ROAD- Behind Bus stand AFZALPUR-585301,10:00 - 21:30,9741933777
Balaji Agencies BANAHATTI,Khata no 4959-4963 shop no - 16- Jamakandi kudachi road- banahatti (T) - Bagalkoti (D) - 587311,10:00 - 21:30,9902898333
Balaji Tele shoppe MUDDEBIHAL,No 1- main road- near durga temple- muddebihal taluk- bijapur district - 586212,10:00 - 21:30,9880445854
Basaveshwar Mobile Service Centre KUNDGOL,#310-- Kalidasa nagara- kundgol town dharwad 581113,10:00 - 21:30,9900555670
Bharath Collection SHIMOGA,No. 1- B.H.Road- Next To Nandi Studio- Near Modern Theater- Shimoga- Karnataka - 577202,10:00 - 21:30,9945759653
HANEEF MOBILES - TPT (Xiaomi) - New Mi Store kalikiri,# 6-1104- T.B.Road- First Floor- T.B.Road-Kalikiri- Chittoor Kalikiri-517234,10:00 - 21:30,9948165919
Brahma Mobile World BANGALORE RURAL,sri brahma mobile world-beside of PLD bank- govt junior college road- near tq office- dodd...,10:00 - 21:30,7019114493
Buchanallis Super Value Shop GULBARGA,Darshan eidifice- beside post office- main road- super market - Gulbarga (D) - 585101,10:00 - 21:30,9845446845
Film Centre & Electronics SHIMOGA,Basava Sadan Complex- Nehru Road- Beside Janatha Dal Office- Durgigudi- Shimoga - 577201,10:00 - 21:30,9886394003
Friends Communications HSD CHITRADURGA,Assesment no 90/89/77/A hosadurga Main road- hosdurga taluk- chitradurga District - 577527,10:00 - 21:30,9449421762
Shree Gajanana Mobile Gallery. MANDYA,NO.3501/EA-MB Gowda Building- VINOBHA ROAD-SUBHASHNAGAR-Mandya,10:00 - 21:30,9845353101
Gauri Distributors BIJAPUR(KAR),Shop no 1 yelameli complex s s road- Near Siddeshwar temple- Vijaypur city- bijapur (D) -...,10:00 - 21:30,8277177777
Gudlmani Agencies JAMKHANDI,Bagawan complex CTs 4772- ground flore shop number 102 near tippu sulthan circle jamakkand...,10:00 - 21:30,9980651978
Hasini Enterprises KOLAR,Riti jewelery-new KSRTC bustand- MB road- Kolar 563101,10:00 - 21:30,9141423526
Hello world CHAMRAJNAGAR,New Hello World- S.S.Complex-No.1/2- Opp K.S.R.T.C. Bust Stand- Sathy Road- Chamarajanagar...,10:00 - 21:30,9900845252
Hobby Marketing GULBARGA,Shop No. 4- Madina Complex- beside center kamat restaurant- station road- Kalaburgi - 5851...,10:00 - 21:30,9880095603
Huzef Mobile Centre ILKL,No.14 and 15- CMC Complex- near Kanti Circle- Ilkal-587125,10:00 - 21:30,9880041976
I T Marts HAGARIBOMMANALLI (HB HALLI),Basaveshwara Bazar- main road- hagaribomnahalli taluk- bellary district - 583212,10:00 - 21:30,9632377888
Janapriya Mobiles HASSAN,janapriya moblies- main road- oppsite of woodland showroom- subhas square- hassan. 573201,10:00 - 21:30,9964245282
Jayashree Enterprises BELLARY,No 144/A2- nataraj theatre compound- ganesh complex- bangalore road- Bellary taluk- bellary district - 583101,10:00 - 21:30,8970039608
Kabadi Watch and Mobile Phone and Services SAVADATTI,Shop no-1- shivagauri complex ground floor- Savadatti Bustand near - savadatti- Belgau...,10:00 - 21:30,9845448601
Kanakashri Enterprise RAMDURGA,No 01- hosmath complex- opposite govt hospital- ramdurga taluk- Belgaum district - 591123,10:00 - 21:30,9632976464
Karan and Co CHICKMAGALUR,Ground Flore 5259/3620 Near Town Police station MG Road Chikmangalur 577101,10:00 - 21:30,9886394018
Karthik Smart Cafe LAXMESHWAR,CTS No 3896 Peth Bana TMC Road Laxmeshwara- Gadag-582116,10:00 - 21:30,9141855112
KARTHIK TELECOMMUNICATIONS KALGI,No 2-131- main road- NEAR SIDDESHWARA TEMPLE- KALGI- 585312,10:00 - 21:30,8970321121
Keerthi Enterprise BIDAR,No. 14- Akkamahadevi Shopping Complex- Udgir road- New Bus Stand Road-585401,10:00 - 21:30,9448074774
Kora Electronics KUSTAGI,Acharya complex- opposite govt hospital- Gajendragad road- kustagi - 583277,10:00 - 21:30,9901885899
Libas Mobile Gallery SIRSI,Nethaji Subhaschandra bose commercial complex- shop no 110- near head post office sirsi-581401,10:00 - 21:30,9632832992
Mahalakshmi Communications JEWARGI,No.10-21/A/3- mali patil complex opp town hall B B road Jewargi- Kalburgi - 585310,10:00 - 21:30,9342222979
Manjunatha Enterpresis MUDHOL,CS no 2849/1- Near muncipal road- Modhol (T)- Bagalkot(D) - 587313,10:00 - 21:30,9480551783
Maruthi Enterprises Mandya,#3954/1 - Bangalore Road opp to Hotel vaibhav Nagamangala taluk- Mandya district 571432,10:00 - 21:30,9845977468
Mobile Campus HAVERI,Abhishek orcade opp vijaya bank P B road haveri - 581110,10:00 - 21:30,9632417860
Sri Nandi Mobiles KURUGODU,Ward Number 22 Badanahatti Road Nilambhika Complex Shop No 05 Pincode 583116,10:00 - 21:30,9902081300
Neminath Mobile MANDYA,Bandigoda Layout-Main Road- Mandya- Opp.KEB office- Bangalroe -Mysore Road-Mandya-571401,10:00 - 21:30,7019213938
New JK Baba Communication World SHAHAPR,No 01- HIREMATH COMPLEX- BIDAR-BANGALORE HIGHWAY- BESIDE SBI BANK-OPP. IOC PETRIL BUNK- SHAHAPUR-585201,10:00 - 21:30,8105533786
New Prince Enterprises HUMNABAD,TMC No.19-86-19-87and 19-88 Opp.Dental hospital Main Bustand Road-Humnabad-Dist-Bidar 5853...,10:00 - 21:30,9886342567
Nidhi Marketing SHIMOGA,Govinda Krupa trust building- below canara bank- JC road- Sagara taluk- shimoga district -...,10:00 - 21:30,9663560099
People Telecom RAMANAGAR,NO 1345 OTO road opp town police Statiob Ramnagara 562159,10:00 - 21:30,9886959799
Praveen Cell N Care SIRGUPPA,No. 338/309/1014- ward no 09- siruguppa - Bellary main road- Siruguppa taluk- bellary dis...,10:00 - 21:30,9448717834
Pushpit Enterprises CHICKMAGALUR,Katha no 7287/7283 shop No.18-Empire Center- Opp old APMC yard- Kadur- chikkamagalur-5775...,10:00 - 21:30,8880666363
Raj Eenterprises KOLAR,Khate No. 226/3- 225/3- H P gas road Opp sangeetha mobiles- ramakrishna badavani- kolar (D...,10:00 - 21:30,8892120707
Ravi Agency HARAPPANAHALLI,No 337- Ward no 3- Hospet road- Harapanahalli taluk- BELLARY DISTRICT-583131,10:00 - 21:30,9164703535
Ravichandra Mobiles CHICKMAGALUR,No 4901/49A- B H Road- Tarikere taluk- Chikmangalore district - 577228,10:00 - 21:30,9972105822
Royal Distributors GANGAVATHI,No 2/3/34 noor arcade L G Road Gangavathi-583227,10:00 - 21:30,9880960108
S G Distributor CHAMRAJNAGAR,Lalkar Complex- KRC Main Road- gundlupet taluk- chamarajnagar district - 571111,10:00 - 21:30,9901748309
Sajjan Enterprises NARAGUND,shop no 3 Hemannanavar Building- Near Viraktha Mata- market Road - Naragunda gadag - 582207,10:00 - 21:30,7411870880
Shree Mahaganapati Mobile Point MURUDESHWARA,Shree Mahaganapati Mobile Point- Shop no. 3b-Offosit kamath residency Muradeshwra-581350,10:00 - 21:30,9019227437
SLN Communication RAICHUR,SLN Communication- NO.8 and 9- Veerashaiva Kalyanamantapa Complex- Basaweshwar Road- Raich...,10:00 - 21:30,9886615515
NAVKAR TELECOMS SINDHNUR,CMC No. 5-3-510 Beside Swathi Hospital Ward No.11- Nataraj Colony Kustagi Road SINDHANUR (...,10:00 - 21:30,9663524414
Shree Mahadeshwara Mobile Communication BANGALORE RURAL,Shop no 2- Muncipal complex- near varadaraja shetty park- BH Road- Nelamangala town- Bangalore rural district - 562123,10:00 - 21:30,9620600059
SHRI NAVADURGA - Mi Store UDUPI,Anantha Shayana road- karkala kasaba Hobli- Karkala Taluk Municipal door no 11/264/1 TMC- ...,10:00 - 21:30,9900854577
Sri Raghavendra Enterprises MANVI,1st flore new 12-2-168 old 11-1-94/1 - Gurukrupa building - bus stand Manvi-584123,10:00 - 21:30,9945131513
Sri Ramdev Mobile DAVANGERE,No 291/1B - 827/2- ward no 5- 7th division- Ashok Road- davangere taluk- davangere distric...,10:00 - 21:30,7829443541
SHRISTI FANCY & GENERAL STORES DAKSHINA KANNADA,BRANCH :Mi STORE 111-178A KVG Complex Sri Ram Pet Main Road Sullia-574239,10:00 - 21:30,9902071795
SSRS MI STORE CHIKKABALLAPUR,no 528/461- tabacco colony- B H Road- Gauribidanuru taluk- Chikballapur district- 561208,10:00 - 21:30,9901923193
Star Mobile Center BADAMI,Star Mobile Center- Bus Stand Road- Next to Jogamayya store- ground floore- Badami(t) - 58...,10:00 - 21:30,9448776239
Tara cell zone ALAND,Door no. 9-4-22-Near Aryya samaja- Main road aland kalburgi - 585302,10:00 - 21:30,9141813141
Tech Paradise MUDHOL,Tech paradise- #5- shivaji circle- Mudhol Taluk- Bagalkot District 587313,10:00 - 21:30,8088828889
The Mobile Studio GUTTAL,MBK Plaza- opposite govt hospital- Negalur road- Guttal- Haveri taluk- Haveri district - 581108,10:00 - 21:30,9964114477
TMK Enterprises BIDAR,No.3 and 4- Door No.8-7-32 and 33-Opp.Sai Fabrics- Madiwal Chowk. Udagi Road Corss- Bidar-...,10:00 - 21:30,9632705431
Vikas Mobiles DAVANGERE,no 58/5A ward no 5- 9th division P J layout second mail road- Sri akka mahadevi road Davan...,10:00 - 21:30,9986229831
Vinod Mobiles HASSAN,Gowdayya complex shop no 3 shravanabelagola road Hirisave Channaraya pattana TQ - 573124,10:00 - 21:30,8183070007
Vittal Mobiles CHITRADURGA,Khathe No. 119/1626/119- Near Govt hospital circle- main road- Hiriyur taluk- Chitradurga ...,10:00 - 21:30,9731069731
Yuktha Enterprises CHIKKABALLAPUR,Asst no 485/454- Near HDFC Bank- BH Road Gauribidanur Town- Chikkballapur 561208,10:00 - 21:30,9341188110
V N Communication - AP - New Mi Store Tirupati,12-3-211/B- Tilak Road- Tirupati- Chittoor- Andhra Pradesh,10:00 - 21:30,9440324116
Sai Surya Mobiles and Electronics - TG - New Mi St Achampet,H.No.19-128- Main Road- Achampet- Nagarkurnool- Telanagana,10:00 - 21:30,9948827143
Sri Mahadeshwara Enterprises (Kolegal) CHAMRAJNAGAR,Door No.7/434-D.Dr.Rajkumar Road- Kollegal- Chamarajanagar District- 571440,10:00 - 21:30,9880902223
K.G.N.Mobile Enterprises BHAKI,DUTTA MEDICAL COMPLEX # 3 Near gandhi chawk bhalki pincode : 585328,10:00 - 21:30,9036669842
Mobile Planet SHIMOGA,Shop No. 11 & 12- Ground Floor- Shri Renukhambha Commercial Complex- S.S.Road- Shanthi Nagar- Shikaripura- Shimoga- Karnataka - 577427,10:00 - 21:30,9535450232
Mobile World BHATKAL,mobile world-kazmis tower- near urban bank HO-main road bhatkal 581320,10:00 - 21:30,9845532167
Moksha Communications SANKESHWAR,Old P.B.Road- Opposite Central Bus Stand- Sankeshwar- Hukkeri- Belagavi- Karnataka - 59131...,10:00 - 21:30,9902071008
Moksha Enterprises TUMKUR,No. 02- Kattasri Plaza- New Bus Stand Road- Opp. New Bus Stand- Pavagada- Tumkur- Karnatak...,10:00 - 21:30,9663898981
New Fone India Mobiles SANDUR,"KAPPALAKUNTE ROAD , 14th WARD thandoor 583119 lakshmi bai complex",10:00 - 21:30,7090746226
Pritam Enterprises KARATAGI,pritham digitals-main road-shop no:2-L.V.T complex tq:karatagi-dis:koppal 583229,10:00 - 21:30,8217777823
Sai Mobile Center Koppal,near ashok cricle-javahar road- oppsite of girls highschol- balloli complex-shop no:2 586117,10:00 - 21:30,9620090688
Sai Mobiles BASAVAKALYAN,sai mobiles-harallayya chowk-syndicate bank oppsite-main road- basavakalyan 585327,10:00 - 21:30,9880955499
Shree Laxmi Tele & General Stores HALIYAL,K.S.R.T.C Complex- Bus Stand Road- Haliyal- Uttara Kannada- Karnataka - 581329,10:00 - 21:30,9902876258
Shri Ganesh Enterprises SINDAGI,near by sindhagi POLICE STATION,10:00 - 21:30,9880735050
Sri Gowri Mobiles KOLAR,Shop No. 613- Ellemallappa Road- Bangarpet- Kolar- Karnataka - 563114,10:00 - 21:30,9108373267
Sri Nanjundeshwara Enterprises Maddur,shri nanjundeshwar enterprises-Mi store- mucipal office oppsite-BM highway- Madya District...,10:00 - 21:30,9900000590
Sri Rajguru Mobile Zone HADAGALI,shop no:259-akkipet- huvinahadagali 583219,10:00 - 21:30,9902693928
SSK Enterprises BAGALKOT,shop no:4-guzar complex-college road bagalakot 587101,10:00 - 21:30,8296389606
Tarun Enterprises RAICHUR,Shop No 6- Bellam Complex- Railway Station Road- Beside Ram Mandir- Raichur- Karnataka - 584101,10:00 - 21:30,9739065529
Sapna Distributors - MI store JAUNPUR,WAZIDPUR TIRAHA- JAUNPUR,10:00 - 21:30,9795446666
Mobile Junction- MI Store ALMORA,SHOP NO.15- GANGOLLA BAZAR NEAR POLICE STATION ALMORA,10:00 - 21:30,9720777771
Vk Enterprises- MI Store BANDA,"nearby ramleela maidan ,station ROAD- BANDA(UP)-CITY: BANDA-210001",10:00 - 21:30,9839966672
MURLI ELECTRONICS- MI Store (Kesavrai-Patan) Kesavrai-Patan,279- RAGHUNATH JI KE MANDIR KE PAAS- KISHANPURA TAKIYA-Keshoraipatan-BUNDI,10:00 - 21:30,9414231317
Mobile Collection- MI Store AZAMGARH,Near Azamgarh honda agency shibli college Road Paharpur pin code 276001,10:00 - 21:30,9936746421
E World - MI Store (Sangaria) HANUMANGARH,COURT ROAD WARD NO.15 -SANGRIA,10:00 - 21:30,9414481529
Neelkamal Digital World - MI Store LALITPUR,SHAHI ROAD- OPP. NEELKAMAL SWEETS,10:00 - 21:30,9565655656
GARG ENTERPRISES- MI Store (BHARATPUR) BHARATPUR,New Mandi Station Road ,10:00 - 21:30,8560939497
Maheshwaram - MI Store (Sriganganagar) GANGANAGAR,196-G Block-Opp Ramleela Ground-Sriganganagar,10:00 - 21:30,9828536105
Garg Tea Center - MI Store RAEBARELI,"shop number 2,NEAR CITY CART- DEGREE COLLEGE ROAD - CAURAHA -'RAEBARELI229001",10:00 - 21:30,6393180666
Shree Vinayak Associates - MI Store (NAGAUR) KUCHAMAN,VINAYAK MALL- SIKAR ROAD ,10:00 - 21:30,9414422629
Mobile Unlimited - MI Store AJMER,NEAR MOCHI SHOWROOM- ASHOK VIHAR- VAISHALI NAGAR- RAOD- AJMER,10:00 - 21:30,7230072221
Vinayak Sales - MI Store(Nagaur) NAGAUR,HOSPITAL ROAD,10:00 - 21:30,9887415315
Jai Balaji Sales - MI Store kotdwar,badrinath marg kotdwar near p.n.b,10:00 - 21:30,9758970801
Gaurav Mobile World - MI Store ALIGARH,Karthik appartments Near naurangabad police chauki-Etah road chawani pincode : 202001 ,10:00 - 21:30,7017200917
Mahesh Telecom - MI Store BAHRAICH,CHAWANI BAZAR NEAR BSNL- EXCHANGE TOWER CHAWANI,10:00 - 21:30,7905722022
Aditi Agencies - MI Store (GANGAPUR CITY) GANGAPUR CITY,IN FRONT OF SANTOSHI MATA MANDIR-STATION ROAD,10:00 - 21:30,8619032439
Banka Communication - MI Store PADRAUNA,"nearby radhika garments ,KOTWALI ROAD- PADRAUNA- DISTT KUSHINAGAR-274304",10:00 - 21:30,7703021123
Sky Way Communication - MI Store (SIKAR) SIKAR,OPP.  SBI BANK- STATION ROAD- SIKAR ,10:00 - 21:30,9636960002
Adarsh Traders - MI Store GHAZIPUR,EIDGAH CHAURAHA- VISHWESHWAR GUNJ,10:00 - 21:30,9984964565
Info World - MI Store BALLIA,IN FRONT BISHUNIPUR MASJID-BISHUNIPUR ,10:00 - 21:30,9984557700
Touch And Talk - MI Store MAU,SHOP NO.2- NEAR SBI MAIN BRANCH -SAHADATPURA ,10:00 - 21:30,7007200690
Sri Nath Ji Trading Corporation - MI Store AZAMGARH,Dalalghat Sadar Azamgarh,10:00 - 21:30,9918455111
Sky Infra - MI Store AZAMGARH,Shop No-2 Civil Line Infront Of ICIC Bank Azamgarh,10:00 - 21:30,9026000007
Aman Agency - MI Store AMBEDKAR NAGAR,"near D-mart , Shahjadpur, Akbarpur, Ambedkar Nagar-224122",10:00 - 21:30,7275440904
It World International Pvt Ltd - MI Store SULTANPUR,"shop number B 8, Super Market,nearby LIC of india Sultanpur-228001",10:00 - 21:30,9451096275
Yash Trading Company-Store - MI Store FAIZABAD,"nearby alka tower ,Rekabganj Road Rekabganj Faizabad-224001",10:00 - 21:30,9918446600
New Pratima Traders - MI Store GONDA,"SHOP NUMBER 40,OPPOSITE DURGA JI MANDIR STATION ROAD ,Sahabganj Daduwa Bazar Gonda-271002",10:00 - 21:30,9682895944
Abid Associates - MI Store HARDOI,KATCHEHRY CHAURAHA,10:00 - 21:30,9839816786
Mannat Communication - MI Store MUZAFFARNAGAR,SHOP NO.13 ASJ GRAND PALZA MALL BHOPA ROAD MUZAFFARNAGAR-251001,10:00 - 21:30,9927579794
Aradhya Enterprises - MI Store UNNAO,HOUSE NO 196 A- AVASH VIKASH ,10:00 - 21:30,9721776884
Khalsa Agencies - Mi store AJMER,30/788- STATION ROAD- AJMER RAJASTHAN,10:00 - 21:30,9829072728
D K Telecom - Mi Store BIJNOR,Ankur Heights- Near Axis Bank- Najibabad Road,10:00 - 21:30,9650866098
Jai Ram Ji Communication -MI Store            MUZAFFARNAGAR,SHOP NO. 4/1- OPP. ZILA PARRISHAD MARKET-COURT ROAD- SOUTH CIVIL LINES- MUZAFFARNAGAR,10:00 - 21:30,9760282874
Rishabh Telecome - Mi Store (BANSWARA) BANSWARA,SHOP NO.26 GROUND FLOOR MANAGALAM COMPLEX COLLEGE -ROAD BANSWARA RAJASTHAN,10:00 - 21:30,9887012341
Kumar & Sons - Mi Store UDHAM SINGH NAGAR,GALI NO. 1- SATYAM PALACE ROAD- VAISHALI COLONY- KASHIPUR,10:00 - 21:30,9837372190
Riddhi Traders - Mi Store GHAZIABAD," Near NEAR KANTI RESTAURENT, RAILWAY ROAD, NEW DEFENCE COLONY, MURADNAGAR RAILWAY ROAD",10:00 - 21:30,9897679601
Shubha Mangalam Mobile Center - Mi Store (DUNGARPU DUNGARPUR, Nr OLD BUS STAND ,10:00 - 21:30,7090909090
Sona Enterprises - Mi Store BIJNOR,"eqbal manzil ,Seohara road- near life care hospital Dhampur -BIJNOR-246761",10:00 - 21:30,9756090009
Tandon Traders - Mi Store JYOTIBA PHULE NAGAR,"shop number 44,BARA BAZAR   ,amroha -244221,nearby allahabad bank",10:00 - 21:30,7017490093
Om Communication - MI Store PRATAPGARH,In front of sbi kunda pratapgarh ,10:00 - 21:30,9935405921
Shree Sangam Enterprises - Mi store (Nimbhahera) CHITTORGARH,"shop number 55, Behind lic office  , post office road Nimbhahera-312601",10:00 - 21:30,7014502270
Sachin Enterprises Mi Store NAINITAL,"JASPURIYA LANE- RAMNAGAR- DIST- NAINITAL- UTTARAKHAND , PNB BANK galli near sharma shagel store pincode : 244715",10:00 - 21:30,7017348884
Union Radio And Electric - Mi Store JHANSI,515 SADAR BAZAR,10:00 - 21:30,7007429778
Jaiswal Traders - Mi Store DEHRADUN,A & S Plaza-Dehradun Road- Doiwala Near Kotwali,10:00 - 21:30,9897240015
Sri Gee Traders - MI Store KASGANJ,"opposite shivali vali galli, nadari GATE ,kasganj-207123, NEAR prabhu park",10:00 - 21:30,7417227774
Muskan Enterprises - MI Store Mughalsarai,739/A kailashpuri mughalsarai,10:00 - 21:30,7081818191
Parag Telecom - MI Store MAINPURI,"brijnandan market ,NEAR christian inter college - court road   MAINPURI-205001",10:00 - 21:30,7017212782
Creative Systems Services - MI Store PITHORAGARH,LINK ROAD - NEAR INCOME TAX OFFICE,10:00 - 21:30,9412095868
M/S Jai Bala Ji Digital Tv - Mi store PUKHRAYAN,Ragender Nagar-Pukrayan,10:00 - 21:30,7007226212
Prince Setia & Sons 2 - MI Store SAHARANPUR,Municipality Market Shop No2-Near Hanuman Mandir Clock Tower ,10:00 - 21:30,7017341507
Chauhan Tractors Agency- MI Store Chandpur,"nearby santoshi mata mandir ,Moh.-Patiyapara- By pass Road Chandpur- Bijnor U.P-246725",10:00 - 21:30,9411951466
Galaxy Mobiles & Electronics - MI Store JHANSI,163 (111) TAKSAL MANIK CHOWK JHANSI,10:00 - 21:30,9451495700
Goyal Enterprises - MI Store AGRA,Galla Mandi-Kiraoli  ,10:00 - 21:30,9837001480
Aashirbad Mobile Gallery - MI Store LALITPUR,B10 Super market  ,10:00 - 21:30,9415586440
Mobile Galaxy - Mi Store (BHARATPUR) BHARATPUR,NEAR HONDA SHOWROOM KUMHER GATE ,10:00 - 21:30,9414275659
Sareen Associate - MI Store (HANUMANGARH) HANUMANGARH,Shop No.111- Bhagat Singh Chowk- Junction-Town Road- Hanumangarh Jn.,10:00 - 21:30,7665660399
Shivalik Enterprises - MI Store UDHAM SINGH NAGAR,SITARGANJ ROAD- NEAR RELIANCE PETROL PUMP- KHATIMA- U.S.NAGAR- UTTARAKHAND,10:00 - 21:30,6395977400
G M Enterprises - MI Store (HINDAUN) KARAULI,tahsil mode.station road  ,10:00 - 21:30,9829166828
Ram Mobile - MI Store BAZPUR,RAM RAJ ROAD- NEAR REEBOK SHOWROOM- BAZPUR- DIST- U.S.NAGAR- UTTARAKHAND,10:00 - 21:30,9837909429
Rani Sati Commuaniction- MI Store DEORIA,"opposite union bank of india, Subhash Chowk- Malviya Road-'DEORIA-274001'",10:00 - 21:30,9120270409
S R Traders - MI Store Orai,"infront of nagar palika ,Station Road-'Orai-285001",10:00 - 21:30,9839940731
"Master Enterprises - MI Store MOTH, JHANSI",KATRA BAZAR- NEAR POST OFFICE MOTH,10:00 - 21:30,9793183927
Shri Shyam Enterprises - MI Store GADARPUR,"WARD NO- 5, near CANARA BANK, AVAS VIKAS, GADARPUR, pincode : 263152",10:00 - 21:30,7247838125
Bhaiyaji Net Work - Mi Store FIROZABAD,sait lal building station road thakur beerisingh inter college Tundla-283204,10:00 - 21:30,9219853739
Unico Electronic - MI Store BULANDSHAHR,Shop no.1- Building Chandra Kuti--DM collony Road Bulandshahr,10:00 - 21:30,9873888672
Ananya Traders - Mi Store AKBARPUR,"nearby HDFC bank ,Sanjay nagar-mati road.akbarpur,'KANPUR DEHAT-209101",10:00 - 21:30,9140755325
Bittoo Bhaijee Electronics - MI Store ALIGARH,7/56-57 opp.bata- Railway road-Aligarh -202001,10:00 - 21:30,7017783080
The Mobile Planet - Mi Store MAHARAJGANJ,JAISWAL MOHALLA ,10:00 - 21:30,9005007003
Shri Ram Agency - Mi Store (CHITTORGARH) CHITTORGARH,"C-1 MEERA MERKET  ,nearby latha clinic ,behind vinayak hotel ,CHITTORGARH -312001",10:00 - 21:30,9414453131
Mobile Mantra RUDRAPUR,RAM- D1 D2 CIVIL LINES- RUDRAPUR- DIST- U.S.NAGAR- UTTARAKHAND,10:00 - 21:30,8299880512
Shatyam Telecom- Mi Store ETAWAH,"shop number 93,infent of hanuman mandir , pakka talab chauraha etawah -206001",10:00 - 21:30,9219183600
Ankit Agencies-MI Store BULANDSHAHR,Shop no 21&22 MUMFORT CLUB MARKET MOTIBAGH BULANSHAR pincode 203001,10:00 - 21:30,7417876707
Satyam Agencies - MI Store ALIGARH,"opposite tvs showroom, Samad Road -ALIGARH-202001",10:00 - 21:30,9719214626
Balaji Communication 1 - MI Store PILIBHIT,in front of old bisalpur bus stand ,10:00 - 21:30,9837057618
Radhey Govind Telecom - MI Store Khalilabad,"Gola Bazar,Khalilabad-272175",10:00 - 21:30,9899391159
IMPRESSIONS GALARY - MI Store SAHARANPUR,SHOP NO-2- CLOCK TOWER- NEAR HANUMAN MANDIR,10:00 - 21:30,8279514543
Vamshis Mobile Zone - TG -New Mi Store Narayankhed,Shop No 2-3-133- Opp:Shekar Petrol Pump- Narayankhed- Sangareddy- Telangana - 502286,10:00 - 21:30,9492303025
Vardini Mobiles - TG - New Mi Store SANGAREDDY,Door No 10-34/3- Vidyanagar Colony Pothireddy Palli Chowrastha- Sangareddy- Telangana - 502295,10:00 - 21:30,9908654466
4M Enterprise - TG (Xiaomi) - New Mi Store KHAMMAM,11-5-15/4- WYRA Road- ZP Center- Khammam- Telangana - 507001,10:00 - 21:30,9346622633
Sri Ganesh Mobizone - TG - New Mi Store ZAHEERABAD,Shop No - 36-1/3- Allipur- Main Road- Zaheerabad- Sangareddy- Telangana - 502318,10:00 - 21:30,9490969988
Nishanth Communication - TG - New Mi Store Mahbubnagar,2-2-2/c- Opp: Modern High School- Station Road- Mahabubnagar- Telangana - 509001,10:00 - 21:30,7075043414
V.R. Mobiles - TG - New Mi Store MIRYALAGUDA,Shop No.9- New Municipal Complex- Sagar Road- Mirayalguda- Nalgonda- Telangana,10:00 - 21:30,9948009712
S.V.M Mobiles - TG -New Mi Store NIRMAL,Shop No -7-3-23/1G- Govt. Junior College- Nirmal- Telangana - 504106,10:00 - 21:30,9866699097
Shree Mobiles - TG - New Mi Store Siddipet,Door No 9-3-99 behind municipal office Mohinpura- Siddipet- Telangana - 502103,10:00 - 21:30,9133344224
Mobile World - 2 - AP - New Mi Store KAKINADA,Shop No - 6 and 7- Police Welfare Complex- Bhanugudi Junction- Pithapuran Road- Kakinada- ...,10:00 - 21:30,9676560000
Akhil Krishna Agencies - TG - New Mi Store GADWAL,Shop No - 6- Sunkulamma Mettu Area- Opp;Srinivasa Theatre- Gadwel- Telangana - 509125,10:00 - 21:30,9581577891
Sri Shiva Sai Matha Agencies - TG - New Mi Store Kamareddy,2-1-10/3- Opp;Police Station- Station Road- Kamareddy- Telangana - 503111,10:00 - 21:30,9949913983
Chethana Mobiles - TG - New Mi Store NALGONDA,6-2-560- Opp; NTR Status- Hyderabad Road- Nalgonda- Telagana - 508001,10:00 - 21:30,9885104424
Laxmi Daya Agencies - TG - New Mi Store ARMOOR,"Shop No - 8-70- ,nearby krishna veni school,Mamidipally- Armoor- Nizamabad- Telangana - 503224",10:00 - 21:30,9700090757
Sri Cell World - TG - New Mi Store KHAMMAM,2-2-245- Gandhi Chowk- Khammam- Telangana - 507003,10:00 - 21:30,9849836553
Pebble INC - TG - New Mi Store KARIM NAGAR,Shop No -H.No - 2-3-59/1- Kaman Road- Karimnagar- Telangana - 505001,10:00 - 21:30,8328480697
Digital Hub VISAKHAPATNAM,58-1-375-Baji Junction-Nad Kotha Road-530027 near by saint ann's church,10:00 - 21:30,6305811933
Sri Devi Communication - AP - New Mi Store AMALAPURAM,# D.no.3-1-98- Ganapathi lodge complex-Cinema Road- Near Municipal Office- Amalapuram-EG D...,10:00 - 21:30,9949298888
SATHYA ENTERPRISES -TN(Xiaomi) - Mi Store CUDDALORE,#189/2- Valli Vilas Commercial Complex- Pudupallaym- Bharathi Road- Cuddalore- Tamil Nadu,10:00 - 21:30,7010006700
Padmavati Enterprises - TG - New Mi Store ADILABAD,Shop No -4-2-173/6- Cinema Road- Adilabad- Telangana - 504001,10:00 - 21:30,9849277000
S.R. Enterprises - TG - New Mi Store Karimnagar,Shop No -7-2-965- Mankammathota- Karimangar- Telangana - 505001,10:00 - 21:30,9133665222
Saira Mobiles - TN - Xiaomi - New Mi Store THENI,175L- Vasantham Complex- Cumbum Main Road- Opp:TMB Bank Ltd- Chinnamanur- Theni- Tamilnadu,10:00 - 21:30,9944197677
Balaji Mobiles - TN - Xiaomi - New Mi Store SALEM,"shop number 18,RK plaza,nearby bus stand , Main Road- Valappady- Salem- Tamil Nadu - 636115",10:00 - 21:30,9751419555
SRI MURUGAN TRADERS - SM- Xiaomi- Mi Store NAMAKKAL,# 39C/5- Union Office Opposite- Nainampatti Roadu- Edappadi-PO- Edappadi Tq- Salem Dist- T...,10:00 - 21:30,9842060060
SAI MOBILES - TN(CHN) - Mi Store PUDUKKOTTAI,158/15- PRP Complex- Anna Nagar Petrol Bunk Opposite- Ponnamaravathi- Pudukkottai Dist- Ta...,10:00 - 21:30,8667015900
Sri Arunachala Mobiles - TN - Xiaomi - New Mi Stor Tindivanam,Shop No.33-34- Arul Thantai Arulappan Adigalar Valagam- Marakkanam Road- Tindivanam- Villu...,10:00 - 21:30,9842522414
Varshini Agencies - TN - Xiaomi - New Mi Store SALEM,# 24/11-B1- SLK Lodge Complex- Sqaure Market- Mettur- Salem- Tamil Nadu - 636401,10:00 - 21:30,9443001332
SREE VASU CELL - TN - Xiaomi - New Mi Store NAMAKKAL,@ 14/54- Mariamman Kovil Street- Namakkal- Tamil Nadu - 637001,10:00 - 21:30,9943144404
Sri Thirumala Agency - TN - Xiaomi - New Mi Store MADURAI,@ 48- Raj Krishna Complex- Ground Floor- Byepass Road- Madurai- Tamil Nadu - 625010,10:00 - 21:30,9047290403
Palani Raksaa Marketing - TN - Xiaomi - New Mi Sto Palani,@ 11- Municipal Old Bus Stand Complex- Palani Bus Stand- Palani- Dindigul- Tamil Nadu - 624601,10:00 - 21:30,9842175511
Barath Electronics - TN - Xiaomi - New Mi Store Harur,@ 11/374A- ATMV Building- Near Bus Stand- Harur- DharmaPuri Dist- Tamil Nadu - 636903,10:00 - 21:30,9842006277
ZOOM POINT BARPETA,Main Road- Kalgachia Dist- Barpeta,10:00 - 21:30,8134051977
Sai Saranya Enterprises - AP - New Mi Store VIZIANAGARAM,Shop No.2- Mayuri Junction- Vytla Residency- Vizianagaram- Andhra Pradesh - 535002,10:00 - 21:30,9100994599
9TO9 Mobiles - AP - New Mi Store Proddatur,# 14/101- Mydukur road- Proddatur- YSR District- Kadapa- Andhra Pradesh - 516360,10:00 - 21:30,9959995955
Chitluri Mobiles - AP - New Mi Store Mylavaram,# 9-78- Main Road- Beside Post Office- Mylavaram- Krishna- Andhra Pradesh - 521230,10:00 - 21:30,8555966678
ARF Mobiles and Home Appliances - AP - New Mi Stor GUDIVADA,D.No.9/12- Opp:Vinayaka Temple- Near Market Center- Gudivada- Krishna- Andhra Pradesh - 521301,10:00 - 21:30,9666592786
Sai Chaitanya Agencies - AP - New Mi Store ELURU,#5-3-22-Birala Bhavan Centre- Main Bazar Road-Eluru-WG Dist- AP-534001,10:00 - 21:30,9848537310
S.V.G Communications - AP - New Mi Store CHEEPURUPALLI,Door No - 14-210- 14-211- Cheepurupalli (V)- Cheepurupalli (M)- Vizianagaram- Andhra Prade...,10:00 - 21:30,7989693939
Raju Cell Point and Electronics - AP - New Mi Stor RANASTLAM,D.no-3-13-raju shoping complex-opp shiridi saibaba temple -Ranastalam-srikakulam(Dist)-532...,10:00 - 21:30,9848004156
New Sri Aruna Cell Point - AP - New Mi Store Kothavalasa,Shop No:G5- PML Complex- Vizianagaram Road- Kothavalasa- Vizianagaram- Andhra Pradesh - 53...,10:00 - 21:30,7981545939
Mahadev Communications - AP - New Mi Store VINUKONDA,# 29-431/1- Lawyer Street- Near Aruna Theatre- Vinukonda- Guntur - Andhra Pradesh - 522647,10:00 - 21:30,9032323204
M.S. Digitals - AP - New Mi Store Nandyal,Shop No - 5-6- D.No:2/418-C5- NK Road- Nandyal- Kurnool- Andhra Pradesh - 518501,10:00 - 21:30,9704222319
